woord,frequency
the,619
you,456
i,387
to,375
of,363
,338
and,291
that,234
oedipus,223
in,212
a,185
not,182
my,179
me,167
is,162
he,153
for,152
have,149
this,147
it,134
from,129
will,126
with,120
your,119
but,116
what,111
was,101
are,96
as,96
be,93
his,93
no,90
do,87
who,86
on,83
if,81
man,78
or,69
creon,69
him,68
by,66
all,60
one,54
now,53
which,53
would,50
own,50
iocasta,50
then,49
chorus,49
at,48
these,47
our,47
messenger,46
so,45
land,44
has,44
when,43
come,41
did,40
had,40
tell,39
know,39
can,36
them,36
how,34
where,33
than,33
am,33
see,32
gods,32
more,32
since,31
such,31
laius,31
never,31
whom,30
father,30
teiresias,30
things,29
we,29
been,29
here,28
speak,28
god,27
may,27
us,26
house,26
should,26
servant,26
old,25
were,25
children,24
why,24
though,24
said,24
fear,23
those,23
men,23
go,22
any,22
hands,22
once,21
could,21
say,21
think,21
before,20
king,20
upon,20
must,20
life,19
there,19
they,19
hear,18
indeed,18
some,18
her,18
nor,18
good,18
long,18
words,18
way,18
she,18
city,17
an,17
time,17
mother,17
alas,17
give,16
still,16
eyes,16
most,16
let,16
alone,16
son,16
child,16
found,16
like,15
find,15
learn,15
best,15
well,15
might,15
nothing,15
into,15
myself,14
came,14
mortal,14
himself,14
even,14
take,14
forth,14
oh,14
much,14
fathers,14
lady,14
death,13
first,13
lord,13
neither,13
only,13
bring,13
bear,13
out,13
hand,13
their,13
wretched,13
just,12
fortune,12
make,12
against,12
without,12
slay,12
knowledge,12
does,12
yours,12
yes,12
sight,12
too,11
other,11
apollo,11
troubles,11
whose,11
earth,11
shall,11
deed,11
both,11
seer,11
ask,11
yet,11
woman,11
dread,11
polybus,11
deeds,11
thought,10
zeus,10
yourself,10
among,10
state,10
same,10
within,10
far,10
about,10
fate,10
great,10
ever,10
birth,10
day,10
name,10
another,10
called,10
truth,10
home,10
mine,10
least,10
sure,9
past,9
thus,9
sent,9
away,9
true,9
soon,9
brought,9
right,9
heard,9
cannot,9
blood,9
dead,9
wish,9
perhaps,9
stranger,9
bore,9
born,9
heart,9
parents,9
gave,9
look,9
thebes,8
speaks,8
woe,8
answer,8
longer,8
rule,8
better,8
soul,8
phoebus,8
saw,8
slain,8
perished,8
thing,8
care,8
leave,8
o,8
mothers,8
sake,8
having,8
live,8
seen,8
behold,8
ah,8
while,7
help,7
town,7
rather,7
pain,7
made,7
people,7
again,7
hope,7
full,7
friends,7
seek,7
years,7
clear,7
send,7
knows,7
suffer,7
friend,7
slayer,7
matter,7
under,7
reveal,7
dire,7
done,7
light,7
place,7
gone,7
doom,7
evil,7
master,7
two,7
grief,7
three,7
suppliants,6
enters,6
others,6
desire,6
pity,6
rest,6
knew,6
anyone,6
story,6
cast,6
show,6
many,6
after,6
days,6
want,6
whoever,6
set,6
get,6
search,6
seeking,6
therefore,6
voice,6
call,6
terrible,6
woes,6
grant,6
through,6
pray,6
order,6
charge,6
noble,6
bed,6
wife,6
skill,6
word,6
anger,6
accursed,6
blind,6
slave,6
stand,6
cithaeron,6
lead,6
husband,6
wise,6
false,6
counsel,6
mean,6
unhappy,6
corinth,6
second,6
herdsman,6
cries,5
age,5
pastures,5
because,5
whether,5
down,5
happiness,5
anything,5
near,5
news,5
end,5
oracle,5
clearly,5
back,5
met,5
trouble,5
dark,5
also,5
ruin,5
oracles,5
labdacus,5
become,5
present,5
always,5
put,5
course,5
creons,5
every,5
lives,5
mind,5
part,5
love,5
touch,5
murder,5
poor,5
learned,5
double,5
curse,5
sane,5
seeing,5
until,5
given,5
laid,5
enough,5
went,5
surely,5
ones,5
doomed,5
pass,5
power,5
race,5
ago,5
marriage,5
altars,4
cadmus,4
sit,4
proper,4
priest,4
flight,4
head,4
angry,4
fallen,4
plague,4
cadmeans,4
glorious,4
mortals,4
savior,4
dwell,4
sick,4
beyond,4
face,4
comfort,4
otherwise,4
prince,4
sorrow,4
left,4
none,4
save,4
hold,4
robbers,4
killed,4
fierce,4
quickly,4
someone,4
message,4
golden,4
above,4
offspring,4
ground,4
powers,4
cry,4
event,4
path,4
silent,4
guilty,4
cause,4
honor,4
perish,4
oath,4
affairs,4
tale,4
boy,4
already,4
question,4
birds,4
prophecy,4
vain,4
blame,4
hearing,4
escape,4
strength,4
understand,4
wit,4
proved,4
known,4
thinking,4
over,4
loxias,4
ills,4
summoned,4
wrong,4
feet,4
service,4
rumor,4
purpose,4
its,4
off,4
judge,4
swept,4
mouth,4
listen,4
die,4
took,4
carriage,4
flocks,4
struck,4
nevertheless,4
lay,4
happy,4
died,4
sometimes,4
being,4
joy,4
allow,4
palace,3
steps,3
wreathed,3
renowned,3
folk,3
vexed,3
lift,3
beneath,3
hades,3
tears,3
lifes,3
common,3
freed,3
else,3
goes,3
divine,3
outcome,3
often,3
former,3
zeal,3
remember,3
quite,3
comes,3
menoeceus,3
pythian,3
doing,3
reveals,3
bright,3
seems,3
peace,3
presence,3
drive,3
bloodshed,3
control,3
vengeance,3
foreign,3
delphi,3
returned,3
tidings,3
gained,3
force,3
unless,3
arose,3
behalf,3
benefit,3
rise,3
wild,3
fiery,3
sorrows,3
speed,3
turn,3
night,3
foe,3
ally,3
prayer,3
report,3
seeks,3
murderer,3
guilt,3
held,3
shed,3
justly,3
next,3
hesitate,3
sees,3
last,3
banish,3
means,3
consent,3
response,3
implore,3
saying,3
secret,3
destroy,3
future,3
silence,3
wrath,3
taunt,3
test,3
shame,3
kin,3
except,3
ears,3
taunts,3
sun,3
fall,3
sufficient,3
wealth,3
envy,3
profit,3
art,3
need,3
either,3
considered,3
misery,3
darkness,3
fair,3
source,3
native,3
wrought,3
revealed,3
proof,3
citizens,3
truly,3
steady,3
became,3
aware,3
foolish,3
followers,3
suffering,3
equal,3
says,3
honors,3
greeting,3
crave,3
lies,3
bad,3
quick,3
exile,3
thrust,3
awful,3
new,3
country,3
prove,3
guide,3
lips,3
wholly,3
ankles,3
together,3
roads,3
chance,3
worthy,3
favor,3
wonder,3
hateful,3
wedlock,3
reared,3
advantage,3
unholy,3
enter,3
doors,3
improper,3
sweet,3
received,3
shepherd,3
lowly,3
memory,3
rushed,3
hapless,3
sons,3
moment,2
branches,2
incense,2
prayers,2
venerable,2
gladly,2
ruler,2
marketplace,2
shrines,2
gives,2
fire,2
waves,2
barren,2
pangs,2
women,2
swooped,2
lays,2
waste,2
rank,2
hearth,2
deem,2
rendered,2
hard,2
taught,2
omen,2
guard,2
account,2
ship,2
each,2
sleep,2
use,2
apollos,2
fitting,2
perform,2
spoken,2
coming,2
crowned,2
kinsman,2
defilement,2
brings,2
leader,2
hearsay,2
sought,2
caught,2
watched,2
soil,2
bloody,2
used,2
clue,2
small,2
royalty,2
forced,2
investigate,2
plain,2
worthily,2
serve,2
possible,2
suppliant,2
certain,2
pestilence,2
theban,2
elders,2
spirit,2
pytho,2
terror,2
healer,2
holy,2
wondering,2
unknown,2
immortal,2
daughter,2
sister,2
artemis,2
guardian,2
sits,2
throne,2
pest,2
stop,2
rushing,2
grow,2
shriek,2
lie,2
mourn,2
young,2
wives,2
wail,2
ring,2
lamentation,2
borne,2
favorable,2
wind,2
chamber,2
haven,2
working,2
lightning,2
bent,2
gold,2
hills,2
bound,2
named,2
bacchants,2
loyal,2
declare,2
afraid,2
alien,2
keep,2
thanks,2
besides,2
keeps,2
resident,2
shelter,2
address,2
share,2
knowing,2
shown,2
horrible,2
deserves,2
unblest,2
urged,2
fit,2
stone,2
obey,2
womb,2
justice,2
third,2
twice,2
rumors,2
prophet,2
led,2
told,2
unspeakable,2
protector,2
defiled,2
noblest,2
wisdom,2
burden,2
strange,2
grieve,2
itself,2
seem,2
performing,2
decree,2
living,2
wretch,2
utter,2
keeping,2
surpassing,2
keen,2
gift,2
stealth,2
yearning,2
song,2
free,2
riddle,2
seers,2
discovered,2
stopped,2
attained,2
influence,2
reply,2
dreadful,2
harbor,2
meaning,2
level,2
endured,2
instant,2
opinion,2
wait,2
reproach,2
saved,2
vex,2
performed,2
errand,2
uttering,2
staff,2
horrors,2
foot,2
central,2
shrine,2
forever,2
around,2
moves,2
attains,2
maiden,2
welcome,2
point,2
scope,2
traitor,2
counsels,2
ward,2
prize,2
win,2
explain,2
very,2
sense,2
violence,2
count,2
mention,2
certainly,2
lack,2
insight,2
fill,2
allows,2
reason,2
weigh,2
sound,2
attain,2
everything,2
pleasure,2
misguided,2
request,2
up,2
random,2
casting,2
taking,2
await,2
lost,2
believe,2
interest,2
raised,2
argument,2
ashamed,2
beg,2
respect,2
worst,2
dishonored,2
move,2
steadfast,2
pure,2
speaking,2
meet,2
pinned,2
mountain,2
feared,2
regard,2
easily,2
spot,2
passed,2
events,2
ripe,2
hair,2
tremble,2
fears,2
herald,2
ruling,2
return,2
delay,2
easy,2
claim,2
merope,2
regarding,2
spread,2
brood,2
sired,2
straight,2
blow,2
slew,2
tie,2
kinship,2
citizen,2
vile,2
utterly,2
cruel,2
divinity,2
prevent,2
brand,2
spoke,2
fetch,2
peasant,2
destiny,2
range,2
parent,2
mighty,2
chorusbut,2
illstarred,2
pride,2
sacred,2
dance,2
fingers,2
prophecies,2
strangers,2
dwelling,2
blessed,2
aged,2
tomb,2
sickness,2
lived,2
wed,2
alive,2
returning,2
lest,2
pollution,2
loved,2
won,2
bought,2
regions,2
hour,2
happen,2
fail,2
anguish,2
patience,2
illfated,2
miserable,2
rushes,2
break,2
womans,2
origin,2
spring,2
looking,2
fold,2
asks,2
earthly,2
honored,2
mens,2
couch,2
asking,2
hanging,2
eyeballs,2
looked,2
gates,2
gaze,2
hurry,2
lot,2
lovely,2
rites,2
sea,2
attendants,2
ages,1
seated,1
robes,1
gazes,1
silently,1
groups,1
latestborn,1
wards,1
reeks,1
rings,1
health,1
unbefitting,1
mouths,1
mood,1
hardhearted,1
nestlings,1
tender,1
bowed,1
priests,1
chosen,1
youth,1
pallas,1
ismenus,1
sorely,1
blight,1
fruitful,1
blossoms,1
herds,1
flaming,1
malign,1
ravages,1
enriches,1
groans,1
fortunes,1
dealings,1
divinities,1
tax,1
songstress,1
assistance,1
uplifted,1
beseech,1
defence,1
councils,1
experienced,1
effect,1
uplift,1
fame,1
calls,1
reign,1
restored,1
falls,1
provided,1
wasteland,1
walled,1
empty,1
piteous,1
desires,1
awakening,1
wept,1
wandered,1
wide,1
remedy,1
close,1
consideration,1
relative,1
residence,1
protect,1
lapse,1
reckoned,1
troubled,1
unreasonably,1
arrives,1
opportunely,1
indicate,1
drawing,1
brightness,1
saving,1
thickly,1
berryladen,1
bay,1
hearingrange,1
perfect,1
issue,1
encourage,1
frighten,1
ready,1
inside,1
commands,1
harbored,1
nourish,1
healed,1
sort,1
purification,1
manner,1
misfortune,1
banishing,1
paying,1
tempest,1
assumed,1
bids,1
murderers,1
dim,1
track,1
crime,1
escapes,1
field,1
mission,1
travelling,1
companion,1
fled,1
assurance,1
beginning,1
fell,1
intrigue,1
worked,1
bribes,1
bold,1
surmised,1
avenger,1
midst,1
prevented,1
riddling,1
sphinx,1
obscure,1
pressing,1
start,1
afresh,1
bestowed,1
allied,1
dispel,1
taint,1
faroff,1
avenging,1
altarsteps,1
boughs,1
summon,1
warning,1
untried,1
promises,1
accord,1
deliverer,1
sweetlyspeaking,1
rack,1
shakes,1
delian,1
debt,1
extract,1
renewed,1
revolving,1
chorusfirst,1
athena,1
circle,1
farshooting,1
shine,1
threefold,1
drove,1
borders,1
chorusalas,1
countless,1
weapon,1
defense,1
fruits,1
surmount,1
bird,1
wing,1
swifter,1
irresistible,1
shore,1
western,1
choruswith,1
deaths,1
numbering,1
perishes,1
unpitied,1
spreading,1
meanwhile,1
greyhaired,1
raise,1
groan,1
supplication,1
bronze,1
shields,1
battle,1
wraps,1
flames,1
onset,1
speedy,1
amphitrite,1
thracian,1
waters,1
leaves,1
undone,1
destruction,1
follows,1
accomplish,1
wield,1
thunderbolt,1
choruslycean,1
shafts,1
bows,1
string,1
woven,1
champions,1
flashing,1
fires,1
darts,1
lycian,1
locks,1
ruddy,1
bacchus,1
draw,1
blaze,1
shining,1
torch,1
unhonored,1
reception,1
minister,1
disease,1
relief,1
publicly,1
trail,1
tracing,1
counted,1
thebans,1
proclaim,1
remove,1
danger,1
indictment,1
denouncing,1
punishment,1
unhurt,1
assassin,1
reward,1
screen,1
orders,1
partner,1
sacrifice,1
lustral,1
rite,1
ban,1
houses,1
recently,1
solemnly,1
partners,1
wear,1
unfruitful,1
ungodly,1
unpunished,1
searched,1
possessing,1
unsuccessful,1
tied,1
bond,1
uphold,1
unturned,1
polydorus,1
elder,1
agenor,1
harvest,1
fruit,1
worse,1
satisfied,1
gracious,1
investigation,1
enjoined,1
investigator,1
neglected,1
suggestion,1
apart,1
faint,1
investigating,1
wayfarers,1
forward,1
hears,1
curses,1
shrink,1
scared,1
convict,1
godlike,1
grasps,1
olympian,1
secrets,1
feel,1
huge,1
haunts,1
rid,1
ourselves,1
afflicts,1
discover,1
slayers,1
begrudge,1
mans,1
task,1
slip,1
disheartened,1
unkind,1
nurtured,1
withhold,1
inappropriately,1
knees,1
refuse,1
betray,1
answers,1
basest,1
base,1
perceive,1
slighting,1
shroud,1
anyway,1
further,1
rage,1
fiercest,1
spare,1
thoughts,1
helped,1
plotting,1
short,1
actual,1
eyesight,1
abide,1
defiler,1
brazen,1
blustering,1
escaped,1
rate,1
spurred,1
talking,1
understood,1
fully,1
killer,1
regret,1
unguessed,1
closest,1
able,1
smarting,1
maimed,1
hurl,1
endless,1
hurt,1
concern,1
devices,1
empire,1
rivalries,1
office,1
entrusted,1
unsought,1
trustworthy,1
crept,1
overthrow,1
suborned,1
scheming,1
juggler,1
tricky,1
quack,1
watchful,1
dog,1
wove,1
comer,1
read,1
ignorant,1
untaught,1
trying,1
oust,1
assuming,1
court,1
plotted,1
rue,1
purge,1
cost,1
haughty,1
discharge,1
mandates,1
enrolled,1
client,1
taunted,1
blindness,1
unwitting,1
enemy,1
underworld,1
lash,1
haste,1
nuptials,1
fatal,1
voyage,1
guessed,1
throng,1
self,1
heap,1
scorn,1
crushed,1
miserably,1
foolishly,1
fool,1
riddles,1
unravelling,1
mysteries,1
undid,1
hindrance,1
fearless,1
frown,1
threats,1
proclaiming,1
ostensibly,1
sojourner,1
enjoy,1
beggar,1
rich,1
feeling,1
brother,1
consorts,1
heir,1
shedder,1
evaluate,1
delphian,1
rock,1
bloodred,1
tongue,1
ply,1
stronger,1
stormswift,1
steeds,1
springing,1
unerring,1
fates,1
chorusrecently,1
flashed,1
snowy,1
parnassus,1
ordering,1
wanders,1
cover,1
wood,1
caves,1
rocks,1
bull,1
forlorn,1
joyless,1
separate,1
flits,1
chorusthe,1
augur,1
approving,1
denying,1
loss,1
flustered,1
expectations,1
quarrel,1
assailing,1
public,1
reputation,1
avenge,1
line,1
undiscovered,1
choruszeus,1
surpass,1
assent,1
winged,1
adjudged,1
fellow,1
charges,1
indignation,1
thinks,1
suffered,1
harmful,1
term,1
touches,1
largest,1
stress,1
falsehoods,1
masters,1
boldfaced,1
manifestly,1
palpable,1
thief,1
crown,1
cowardice,1
folly,1
plot,1
notice,1
creeping,1
attempt,1
mark,1
basis,1
apt,1
speech,1
lessons,1
malignant,1
bother,1
stubbornness,1
virtue,1
penalty,1
advise,1
reverend,1
deadly,1
run,1
possess,1
due,1
sage,1
custom,1
deny,1
conferred,1
married,1
denial,1
sway,1
obtains,1
wishes,1
peer,1
choose,1
amid,1
terrors,1
unruffled,1
granted,1
nature,1
kingly,1
sweeter,1
painless,1
success,1
lover,1
policy,1
action,1
along,1
planned,1
concert,1
soothsayer,1
sentence,1
less,1
assume,1
unproven,1
inference,1
bosom,1
loves,1
discern,1
stealthy,1
plotter,1
moving,1
counterplot,1
repose,1
ends,1
hardly,1
resolved,1
yield,1
persuade,1
unworthy,1
trust,1
badly,1
cease,1
lords,1
resolve,1
feud,1
stir,1
making,1
petty,1
kinswoman,1
wants,1
arrest,1
person,1
wicked,1
craft,1
derive,1
reflect,1
strong,1
unproved,1
dishonoring,1
stands,1
host,1
unbefriended,1
worn,1
withering,1
arising,1
compassion,1
sullen,1
yielding,1
vehement,1
excesses,1
natures,1
difficult,1
themselves,1
undiscerning,1
view,1
justhe,1
exits,1
happened,1
suspicion,1
bred,1
talk,1
injustice,1
inflicts,1
wounds,1
sides,1
intent,1
slacken,1
blunt,1
madman,1
bankrupt,1
forsook,1
beloved,1
distraught,1
likely,1
prospering,1
conceived,1
plots,1
began,1
rascal,1
piece,1
absolve,1
learning,1
shares,1
science,1
pithy,1
ministers,1
murdered,1
highways,1
childs,1
thrown,1
remote,1
case,1
messages,1
mapped,1
pay,1
whatever,1
necessary,1
restlessness,1
tumult,1
anxiety,1
startled,1
icasta,1
occurred,1
phocis,1
branching,1
forks,1
daulia,1
announced,1
shortly,1
decreed,1
stature,1
manhood,1
tall,1
silver,1
lightly,1
strewn,1
form,1
greatly,1
unlike,1
realizing,1
chieftain,1
armed,1
five,1
information,1
survivor,1
stead,1
pled,1
fields,1
larger,1
enjoin,1
rash,1
heavy,1
kept,1
forebodings,1
advanced,1
dorian,1
greatest,1
befell,1
overreaction,1
banquet,1
drunk,1
wine,1
restrained,1
questioned,1
fly,1
rankled,1
widely,1
disappointed,1
fated,1
defile,1
endure,1
turned,1
position,1
stars,1
fulfillment,1
infamies,1
foretold,1
journey,1
drawn,1
colts,1
described,1
tried,1
rudely,1
pushing,1
aside,1
driver,1
passing,1
goad,1
paid,1
swift,1
rolled,1
onto,1
allowed,1
receive,1
unlawful,1
accost,1
push,1
homes,1
pollute,1
unclean,1
banished,1
banishment,1
joined,1
judged,1
visited,1
fraught,1
appears,1
match,1
withwith,1
disaster,1
special,1
note,1
several,1
solitary,1
band,1
names,1
lonely,1
wayfarer,1
doubt,1
rests,1
assured,1
revoke,1
diverge,1
somewhat,1
square,1
plainly,1
innocent,1
divination,1
neglect,1
please,1
youexeunt,1
winning,1
praise,1
reverent,1
purity,1
sanctioned,1
laws,1
sublime,1
high,1
aether,1
olympus,1
oblivion,1
chorusinsolence,1
breeds,1
tyrant,1
insolence,1
vainly,1
stuffed,1
scaled,1
topmost,1
ramparts,1
hurled,1
quell,1
rivalry,1
benefits,1
walks,1
haughtily,1
reverence,1
images,1
seize,1
gain,1
fairly,1
avoid,1
profaning,1
sanctities,1
occur,1
boast,1
arrow,1
join,1
chorusno,1
reverently,1
earths,1
inviolate,1
abaes,1
temple,1
olympia,1
rightly,1
deathless,1
concerning,1
fading,1
value,1
nowhere,1
glorified,1
worship,1
perishing,1
princes,1
planning,1
visit,1
branch,1
gifts,1
excites,1
excessively,1
sorts,1
speaker,1
frightful,1
lycean,1
nearest,1
symbols,1
uncleanliness,1
helmsman,1
queen,1
doubtless,1
rejoice,1
potency,1
isthmian,1
holds,1
content,1
handmaid,1
dearest,1
treachery,1
illness,1
tilt,1
scale,1
scream,1
heads,1
declared,1
spear,1
longing,1
worth,1
foretell,1
mislead,1
decrees,1
supreme,1
foresight,1
slept,1
dreams,1
bears,1
necessarily,1
sign,1
cheer,1
consort,1
import,1
marry,1
reasons,1
shirked,1
really,1
relieved,1
specially,1
crystal,1
fleeing,1
fearing,1
acquire,1
constantly,1
frightens,1
dearly,1
anothers,1
childlessness,1
cithaerons,1
winding,1
glens,1
roaming,1
vagrant,1
hireling,1
arms,1
witness,1
cradle,1
got,1
household,1
ruled,1
natives,1
finally,1
wanted,1
clues,1
grasp,1
continue,1
courage,1
servile,1
descents,1
proven,1
baseborn,1
discovering,1
whole,1
glory,1
princely,1
stock,1
againshe,1
storm,1
proud,1
feels,1
months,1
kinsmen,1
marked,1
heritage,1
searching,1
heaven,1
tomorrows,1
moon,1
nurse,1
celebrated,1
wellpleasing,1
choruswho,1
pan,1
mountainroaming,1
bride,1
dear,1
upland,1
cyllenes,1
dweller,1
hilltops,1
newborn,1
nymphs,1
helicon,1
sports,1
guess,1
lone,1
tallies,1
moreover,1
recognize,1
servants,1
trusty,1
corinthian,1
employed,1
labor,1
tended,1
frequently,1
haunt,1
neighboring,1
parts,1
recollection,1
ignorance,1
dwelled,1
region,1
six,1
month,1
periods,1
arcturus,1
comrade,1
winter,1
flock,1
fosterson,1
damn,1
rebuke,1
rebuking,1
offend,1
telling,1
busy,1
grace,1
mistreat,1
honest,1
destroyed,1
delays,1
clan,1
brink,1
dreaded,1
matters,1
ran,1
carry,1
direst,1
shedding,1
bloodhe,1
generations,1
mere,1
shadow,1
apparent,1
warns,1
creature,1
chorusfor,1
shot,1
shaft,1
peerless,1
allprosperous,1
crooked,1
talons,1
sang,1
darkly,1
tower,1
supremely,1
holding,1
grievous,1
plagues,1
reversed,1
bounteous,1
nuptial,1
sowed,1
chorustime,1
allseeing,1
judges,1
monstrous,1
pours,1
dirge,1
directly,1
ister,1
phasis,1
wash,1
clean,1
shrouds,1
unwittingly,1
griefs,1
smart,1
choice,1
announce,1
shortest,1
royal,1
painful,1
serves,1
frantic,1
vestibule,1
towards,1
clutching,1
dashed,1
behind,1
corpse,1
leaving,1
breed,1
bewailed,1
twofold,1
burst,1
watch,1
fro,1
sword,1
frenzy,1
greater,1
beckoned,1
sprang,1
bending,1
bolts,1
sockets,1
room,1
beheld,1
neck,1
twisted,1
noose,1
swinging,1
cords,1
deep,1
released,1
halter,1
hung,1
stretched,1
sequel,1
tore,1
raiment,1
brooches,1
decorated,1
herself,1
lifting,1
ought,1
failed,1
yearned,1
henceforth,1
refrain,1
bedewed,1
beard,1
sluggish,1
drops,1
gore,1
shower,1
hail,1
broken,1
mingled,1
ancestral,1
today,1
ill,1
theirs,1
sufferer,1
respite,1
unbar,1
waiting,1
lacks,1
bars,1
withdrawn,1
abhors,1
madness,1
unearthly,1
leap,1
prey,1
draws,1
wistful,1
shuddering,1
carried,1
abroad,1
wings,1
air,1
sprung,1
horror,1
enfolds,1
visitant,1
resistless,1
sped,1
pierced,1
stab,1
goads,1
amidst,1
tend,1
hidden,1
quench,1
vision,1
showed,1
anymore,1
ear,1
thriceaccursed,1
alike,1
understanding,1
shackle,1
thankless,1
sore,1
forsaken,1
successor,1
agree,1
counseled,1
sinned,1
sins,1
punish,1
towering,1
walls,1
statues,1
thrice,1
commanding,1
reject,1
impious,1
member,1
bearing,1
stain,1
choke,1
hesitated,1
fast,1
prison,1
frame,1
sphere,1
provide,1
straightway,1
ancient,1
fairseeming,1
nurseling,1
evils,1
festering,1
underneath,1
glen,1
thicket,1
narrow,1
paths,1
drank,1
fresh,1
created,1
incestuous,1
brothers,1
brides,1
foulest,1
hide,1
somewhere,1
approach,1
deign,1
plan,1
credence,1
mock,1
fault,1
revere,1
allnurturing,1
flame,1
dont,1
openly,1
rain,1
accords,1
kinfolk,1
kinsmans,1
gentle,1
prediction,1
eagerly,1
greet,1
craved,1
duty,1
pronouncement,1
parricide,1
faith,1
entreaty,1
burial,1
properly,1
render,1
condemned,1
famed,1
fixed,1
appointed,1
according,1
snatched,1
wherever,1
girls,1
table,1
separately,1
lacked,1
reached,1
indulge,1
antigone,1
ismene,1
sobbing,1
taken,1
darlings,1
bless,1
kinder,1
orbs,1
weep,1
bitter,1
company,1
festival,1
sharing,1
holiday,1
reach,1
daughters,1
risk,1
reproaches,1
baneful,1
lacking,1
wither,1
maidenhood,1
wander,1
unwed,1
abase,1
deprived,1
promise,1
minds,1
mature,1
occasion,1
happier,1
season,1
terms,1
outside,1
idly,1
mastery,1
followed,1
residents,1
stormy,1
final,1
destined,1
crossed,1
border,1
